Kauai,Hawaii
Honolulu,Hawaii
Hawaii,Hawaii
Kalawao,Hawaii
Maui,Hawaii
Aleutians East,Alaska
Bethel,Alaska
Kusilvak,Alaska
Dillingham,Alaska
Nome,Alaska
Northwest Arctic,Alaska
Bristol Bay,Alaska
Lake and Peninsula,Alaska
Kodiak Island,Alaska
Kenai Peninsula,Alaska
Matanuska-Susitna,Alaska
Anchorage,Alaska
North Slope,Alaska
Denali,Alaska
Yukon-Koyukuk,Alaska
Petersburg,Alaska
Prince of Wales-Hyder,Alaska
Wrangell,Alaska
Ketchikan Gateway,Alaska
Valdez-Cordova,Alaska
Yakutat,Alaska
Fairbanks North Star,Alaska
Southeast Fairbanks,Alaska
Sitka,Alaska
Hoonah-Angoon,Alaska
Haines,Alaska
Juneau,Alaska
Skagway,Alaska
Monterey,California
Santa Cruz,California
Santa Clara,California
San Benito,California
Ventura,California
Los Angeles,California
San Diego,California
Orange,California
Riverside,California
Santa Barbara,California
San Luis Obispo,California
Kern,California
Kings,California
Merced,California
Fresno,California
Madera,California
Tulare,California
Inyo,California
San Bernardino,California
Mendocino,California
San Francisco,California
Marin,California
San Mateo,California
Contra Costa,California
Sonoma,California
Napa,California
Solano,California
Alameda,California
San Joaquin,California
Stanislaus,California
Sacramento,California
Yolo,California
Colusa,California
Glenn,California
Lake,California
Tehama,California
Butte,California
Sutter,California
Yuba,California
Placer,California
Lassen,California
Plumas,California
Humboldt,California
Del Norte,California
Curry,Oregon
Josephine,Oregon
Coos,Oregon
Trinity,California
Shasta,California
Siskiyou,California
Modoc,California
Douglas,Oregon
Jackson,Oregon
Klamath,Oregon
Calaveras,California
Mariposa,California
Tuolumne,California
Amador,California
El Dorado,California
Alpine,California
Douglas,Nevada
Mono,California
Mineral,Nevada
Nevada,California
Sierra,California
Storey,Nevada
Carson City,Nevada
Washoe,Nevada
Churchill,Nevada
Lyon,Nevada
Pershing,Nevada
Esmeralda,Nevada
Eureka,Nevada
Lander,Nevada
Nye,Nevada
Humboldt,Nevada
Harney,Oregon
Lake,Oregon
Elko,Nevada
Canyon,Idaho
Malheur,Oregon
Ada,Idaho
Elmore,Idaho
Owyhee,Idaho
La Paz,Arizona
Yuma,Arizona
Imperial,California
Pima,Arizona
Santa Cruz,Arizona
Maricopa,Arizona
Pinal,Arizona
Gila,Arizona
Mohave,Arizona
Clark,Nevada
Washington,Utah
Yavapai,Arizona
Coconino,Arizona
Navajo,Arizona
Kane,Utah
Cochise,Arizona
Hidalgo,New Mexico
Luna,New Mexico
Graham,Arizona
Greenlee,Arizona
Catron,New Mexico
Grant,New Mexico
Dona Ana,New Mexico
El Paso,Texas
Hudspeth,Texas
Lincoln,New Mexico
Otero,New Mexico
Sierra,New Mexico
Socorro,New Mexico
Apache,Arizona
Cibola,New Mexico
McKinley,New Mexico
La Plata,Colorado
Montezuma,Colorado
San Juan,New Mexico
Bernalillo,New Mexico
Sandoval,New Mexico
Santa Fe,New Mexico
Torrance,New Mexico
Valencia,New Mexico
Archuleta,Colorado
Conejos,Colorado
Los Alamos,New Mexico
Rio Arriba,New Mexico
Costilla,Colorado
Mora,New Mexico
Taos,New Mexico
Lincoln,Nevada
Beaver,Utah
Iron,Utah
White Pine,Nevada
Juab,Utah
Millard,Utah
Tooele,Utah
Garfield,Utah
Piute,Utah
San Juan,Utah
Sevier,Utah
Wayne,Utah
Sanpete,Utah
Utah,Utah
Carbon,Utah
Duchesne,Utah
Emery,Utah
Wasatch,Utah
Box Elder,Utah
Camas,Idaho
Gooding,Idaho
Jerome,Idaho
Lincoln,Idaho
Twin Falls,Idaho
Cassia,Idaho
Minidoka,Idaho
Power,Idaho
Blaine,Idaho
Butte,Idaho
Davis,Utah
Salt Lake,Utah
Morgan,Utah
Weber,Utah
Franklin,Idaho
Cache,Utah
Rich,Utah
Summit,Utah
Uinta,Wyoming
Bannock,Idaho
Caribou,Idaho
Oneida,Idaho
Bingham,Idaho
Bonneville,Idaho
Madison,Idaho
Bear Lake,Idaho
Teton,Idaho
Lincoln,Wyoming
Dolores,Colorado
Ouray,Colorado
San Juan,Colorado
San Miguel,Colorado
Delta,Colorado
Mesa,Colorado
Montrose,Colorado
Garfield,Colorado
Rio Blanco,Colorado
Grand,Utah
Uintah,Utah
Hinsdale,Colorado
Mineral,Colorado
Rio Grande,Colorado
Saguache,Colorado
Chaffee,Colorado
Gunnison,Colorado
Alamosa,Colorado
Custer,Colorado
Fremont,Colorado
Huerfano,Colorado
Teller,Colorado
Eagle,Colorado
Lake,Colorado
Pitkin,Colorado
Routt,Colorado
Clear Creek,Colorado
Park,Colorado
Summit,Colorado
Douglas,Colorado
Jefferson,Colorado
Boulder,Colorado
Broomfield,Colorado
Gilpin,Colorado
Grand,Colorado
Moffat,Colorado
Daggett,Utah
Sweetwater,Wyoming
Sublette,Wyoming
Fremont,Wyoming
Hot Springs,Wyoming
Washakie,Wyoming
Jackson,Colorado
Larimer,Colorado
Albany,Wyoming
Carbon,Wyoming
Platte,Wyoming
Converse,Wyoming
Natrona,Wyoming
Presidio,Texas
Jeff Davis,Texas
Brewster,Texas
Pecos,Texas
Dimmit,Texas
Maverick,Texas
Zavala,Texas
Val Verde,Texas
Crockett,Texas
Terrell,Texas
Edwards,Texas
Kimble,Texas
Kinney,Texas
Menard,Texas
Real,Texas
Schleicher,Texas
Sutton,Texas
Uvalde,Texas
Duval,Texas
Jim Hogg,Texas
Starr,Texas
Zapata,Texas
Hidalgo,Texas
Cameron,Texas
Willacy,Texas
Brooks,Texas
Jim Wells,Texas
Kenedy,Texas
Kleberg,Texas
Atascosa,Texas
Frio,Texas
La Salle,Texas
McMullen,Texas
Webb,Texas
Bee,Texas
Live Oak,Texas
Nueces,Texas
San Patricio,Texas
Aransas,Texas
Refugio,Texas
DeWitt,Texas
Goliad,Texas
Karnes,Texas
Wilson,Texas
Bandera,Texas
Bexar,Texas
Comal,Texas
Kendall,Texas
Kerr,Texas
Medina,Texas
Blanco,Texas
Gillespie,Texas
Llano,Texas
Mason,Texas
Guadalupe,Texas
Hays,Texas
Caldwell,Texas
Gonzales,Texas
Bastrop,Texas
Burnet,Texas
Lee,Texas
Travis,Texas
Williamson,Texas
Calhoun,Texas
Jackson,Texas
Victoria,Texas
Matagorda,Texas
Brazoria,Texas
Colorado,Texas
Fayette,Texas
Lavaca,Texas
Fort Bend,Texas
Wharton,Texas
Austin,Texas
Waller,Texas
Washington,Texas
Milam,Texas
Burleson,Texas
Brazos,Texas
Grimes,Texas
Harris,Texas
Galveston,Texas
Chambers,Texas
Montgomery,Texas
San Jacinto,Texas
Walker,Texas
Hardin,Texas
Liberty,Texas
Polk,Texas
Jefferson,Texas
Orange,Texas
Cameron,Louisiana
Jasper,Texas
Newton,Texas
Tyler,Texas
Beauregard,Louisiana
Calcasieu,Louisiana
Vermilion,Louisiana
Acadia,Louisiana
Jefferson Davis,Louisiana
Allen,Louisiana
Evangeline,Louisiana
Lafayette,Louisiana
St. Landry,Louisiana
St. Mary,Louisiana
Assumption,Louisiana
Iberia,Louisiana
St. Martin,Louisiana
Terrebonne,Louisiana
Lafourche,Louisiana
St. James,Louisiana
St. John the Baptist,Louisiana
Iberville,Louisiana
West Baton Rouge,Louisiana
East Baton Rouge,Louisiana
East Feliciana,Louisiana
Pointe Coupee,Louisiana
West Feliciana,Louisiana
Ascension,Louisiana
Livingston,Louisiana
St. Helena,Louisiana
Jefferson,Louisiana
St. Charles,Louisiana
Orleans,Louisiana
Plaquemines,Louisiana
St. Bernard,Louisiana
St. Tammany,Louisiana
Tangipahoa,Louisiana
Washington,Louisiana
Hancock,Mississippi
Pearl River,Mississippi
Stone,Mississippi
George,Mississippi
Harrison,Mississippi
Jackson,Mississippi
Mobile,Alabama
Baldwin,Alabama
Escambia,Florida
Santa Rosa,Florida
Okaloosa,Florida
Gulf,Florida
Walton,Florida
Bay,Florida
Calhoun,Florida
Holmes,Florida
Jackson,Florida
Washington,Florida
Franklin,Florida
Gadsden,Florida
Liberty,Florida
Decatur,Georgia
Seminole,Georgia
Wakulla,Florida
Leon,Florida
Jefferson,Florida
Grady,Georgia
Thomas,Georgia
Eddy,New Mexico
Culberson,Texas
Loving,Texas
Reeves,Texas
Ward,Texas
Crane,Texas
Andrews,Texas
Ector,Texas
Winkler,Texas
Chaves,New Mexico
Lea,New Mexico
Roosevelt,New Mexico
Bailey,Texas
Cochran,Texas
Gaines,Texas
Hockley,Texas
Lamb,Texas
Terry,Texas
Yoakum,Texas
Coke,Texas
Concho,Texas
Glasscock,Texas
Howard,Texas
Irion,Texas
Martin,Texas
Midland,Texas
Mitchell,Texas
Nolan,Texas
Reagan,Texas
Runnels,Texas
Sterling,Texas
Taylor,Texas
Tom Green,Texas
Upton,Texas
Borden,Texas
Cottle,Texas
Crosby,Texas
Dawson,Texas
Dickens,Texas
Fisher,Texas
Floyd,Texas
Foard,Texas
Garza,Texas
Hale,Texas
Haskell,Texas
Jones,Texas
Kent,Texas
King,Texas
Knox,Texas
Lubbock,Texas
Lynn,Texas
Motley,Texas
Scurry,Texas
Stonewall,Texas
Curry,New Mexico
De Baca,New Mexico
Guadalupe,New Mexico
Quay,New Mexico
San Miguel,New Mexico
Castro,Texas
Deaf Smith,Texas
Oldham,Texas
Parmer,Texas
Baca,Colorado
Colfax,New Mexico
Harding,New Mexico
Union,New Mexico
Cimarron,Oklahoma
Dallam,Texas
Hartley,Texas
Armstrong,Texas
Briscoe,Texas
Carson,Texas
Potter,Texas
Randall,Texas
Swisher,Texas
Beckham,Oklahoma
Harmon,Oklahoma
Roger Mills,Oklahoma
Childress,Texas
Collingsworth,Texas
Donley,Texas
Gray,Texas
Hall,Texas
Hardeman,Texas
Wheeler,Texas
Morton,Kansas
Stevens,Kansas
Texas,Oklahoma
Hansford,Texas
Hutchinson,Texas
Moore,Texas
Sherman,Texas
Clark,Kansas
Meade,Kansas
Seward,Kansas
Beaver,Oklahoma
Ellis,Oklahoma
Harper,Oklahoma
Hemphill,Texas
Lipscomb,Texas
Ochiltree,Texas
Roberts,Texas
Brown,Texas
Callahan,Texas
Coleman,Texas
Comanche,Texas
Eastland,Texas
McCulloch,Texas
Mills,Texas
San Saba,Texas
Bell,Texas
Bosque,Texas
Coryell,Texas
Erath,Texas
Hamilton,Texas
Hill,Texas
Hood,Texas
Johnson,Texas
Lampasas,Texas
McLennan,Texas
Somervell,Texas
Archer,Texas
Baylor,Texas
Palo Pinto,Texas
Shackelford,Texas
Stephens,Texas
Throckmorton,Texas
Wichita,Texas
Young,Texas
Denton,Texas
Jack,Texas
Parker,Texas
Tarrant,Texas
Wise,Texas
Jefferson,Oklahoma
Love,Oklahoma
Clay,Texas
Cooke,Texas
Montague,Texas
Falls,Texas
Limestone,Texas
Robertson,Texas
Madison,Texas
Freestone,Texas
Leon,Texas
Ellis,Texas
Navarro,Texas
Henderson,Texas
Houston,Texas
Trinity,Texas
Angelina,Texas
Nacogdoches,Texas
Anderson,Texas
Cherokee,Texas
Smith,Texas
Gregg,Texas
Rusk,Texas
Collin,Texas
Dallas,Texas
Rockwall,Texas
Hunt,Texas
Kaufman,Texas
Rains,Texas
Van Zandt,Texas
Bryan,Oklahoma
Marshall,Oklahoma
Fannin,Texas
Grayson,Texas
Franklin,Texas
Hopkins,Texas
Wood,Texas
Harrison,Texas
Marion,Texas
Upshur,Texas
Camp,Texas
Morris,Texas
Titus,Texas
Delta,Texas
Lamar,Texas
Red River,Texas
Choctaw,Oklahoma
McCurtain,Oklahoma
Bowie,Texas
Greer,Oklahoma
Jackson,Oklahoma
Kiowa,Oklahoma
Wilbarger,Texas
Comanche,Oklahoma
Cotton,Oklahoma
Tillman,Oklahoma
Caddo,Oklahoma
Custer,Oklahoma
Washita,Oklahoma
Carter,Oklahoma
Garvin,Oklahoma
Murray,Oklahoma
Stephens,Oklahoma
Canadian,Oklahoma
Grady,Oklahoma
Cleveland,Oklahoma
McClain,Oklahoma
Oklahoma,Oklahoma
Barber,Kansas
Comanche,Kansas
Alfalfa,Oklahoma
Blaine,Oklahoma
Dewey,Oklahoma
Major,Oklahoma
Woods,Oklahoma
Woodward,Oklahoma
Harper,Kansas
Sumner,Kansas
Garfield,Oklahoma
Grant,Oklahoma
Kay,Oklahoma
Kingfisher,Oklahoma
Logan,Oklahoma
Noble,Oklahoma
Payne,Oklahoma
Atoka,Oklahoma
Coal,Oklahoma
Johnston,Oklahoma
Pittsburg,Oklahoma
Pontotoc,Oklahoma
Hughes,Oklahoma
Lincoln,Oklahoma
Okfuskee,Oklahoma
Okmulgee,Oklahoma
Pottawatomie,Oklahoma
Seminole,Oklahoma
Haskell,Oklahoma
Latimer,Oklahoma
Le Flore,Oklahoma
McIntosh,Oklahoma
Muskogee,Oklahoma
Pushmataha,Oklahoma
Sequoyah,Oklahoma
Creek,Oklahoma
Pawnee,Oklahoma
Tulsa,Oklahoma
Chautauqua,Kansas
Cowley,Kansas
Montgomery,Kansas
Osage,Oklahoma
Washington,Oklahoma
Cherokee,Kansas
Labette,Kansas
Adair,Oklahoma
Cherokee,Oklahoma
Craig,Oklahoma
Delaware,Oklahoma
Mayes,Oklahoma
Nowata,Oklahoma
Ottawa,Oklahoma
Rogers,Oklahoma
Wagoner,Oklahoma
Bent,Colorado
Cheyenne,Colorado
Crowley,Colorado
El Paso,Colorado
Kiowa,Colorado
Las Animas,Colorado
Otero,Colorado
Prowers,Colorado
Pueblo,Colorado
Arapahoe,Colorado
Denver,Colorado
Elbert,Colorado
Lincoln,Colorado
Adams,Colorado
Morgan,Colorado
Weld,Colorado
Kit Carson,Colorado
Phillips,Colorado
Washington,Colorado
Yuma,Colorado
Finney,Kansas
Ford,Kansas
Gove,Kansas
Grant,Kansas
Gray,Kansas
Greeley,Kansas
Hamilton,Kansas
Haskell,Kansas
Hodgeman,Kansas
Kearny,Kansas
Lane,Kansas
Logan,Kansas
Ness,Kansas
Scott,Kansas
Stanton,Kansas
Trego,Kansas
Wallace,Kansas
Wichita,Kansas
Cheyenne,Kansas
Decatur,Kansas
Graham,Kansas
Norton,Kansas
Rawlins,Kansas
Sheridan,Kansas
Sherman,Kansas
Thomas,Kansas
Chase,Nebraska
Dundy,Nebraska
Frontier,Nebraska
Furnas,Nebraska
Gosper,Nebraska
Hayes,Nebraska
Hitchcock,Nebraska
Red Willow,Nebraska
Logan,Colorado
Sedgwick,Colorado
Banner,Nebraska
Box Butte,Nebraska
Cheyenne,Nebraska
Deuel,Nebraska
Garden,Nebraska
Kimball,Nebraska
Morrill,Nebraska
Scotts Bluff,Nebraska
Goshen,Wyoming
Laramie,Wyoming
Dawes,Nebraska
Sheridan,Nebraska
Sioux,Nebraska
Custer,South Dakota
Fall River,South Dakota
Oglala Lakota,South Dakota
Niobrara,Wyoming
Arthur,Nebraska
Blaine,Nebraska
Custer,Nebraska
Dawson,Nebraska
Grant,Nebraska
Hooker,Nebraska
Keith,Nebraska
Lincoln,Nebraska
Logan,Nebraska
McPherson,Nebraska
Perkins,Nebraska
Thomas,Nebraska
Cherry,Nebraska
Bennett,South Dakota
Jackson,South Dakota
Brown,Nebraska
Keya Paha,Nebraska
Mellette,South Dakota
Todd,South Dakota
Tripp,South Dakota
Barton,Kansas
Edwards,Kansas
Ellis,Kansas
Kiowa,Kansas
Pawnee,Kansas
Pratt,Kansas
Rush,Kansas
Russell,Kansas
Stafford,Kansas
Dickinson,Kansas
Ellsworth,Kansas
Harvey,Kansas
Kingman,Kansas
McPherson,Kansas
Marion,Kansas
Reno,Kansas
Rice,Kansas
Saline,Kansas
Sedgwick,Kansas
Osborne,Kansas
Phillips,Kansas
Rooks,Kansas
Smith,Kansas
Adams,Nebraska
Franklin,Nebraska
Harlan,Nebraska
Kearney,Nebraska
Phelps,Nebraska
Webster,Nebraska
Clay,Kansas
Cloud,Kansas
Jewell,Kansas
Lincoln,Kansas
Mitchell,Kansas
Ottawa,Kansas
Washington,Kansas
Republic,Kansas
Clay,Nebraska
Fillmore,Nebraska
Jefferson,Nebraska
Nuckolls,Nebraska
Saline,Nebraska
Thayer,Nebraska
Butler,Kansas
Chase,Kansas
Coffey,Kansas
Elk,Kansas
Greenwood,Kansas
Lyon,Kansas
Morris,Kansas
Osage,Kansas
Wabaunsee,Kansas
Wilson,Kansas
Woodson,Kansas
Allen,Kansas
Anderson,Kansas
Bourbon,Kansas
Crawford,Kansas
Douglas,Kansas
Franklin,Kansas
Johnson,Kansas
Linn,Kansas
Miami,Kansas
Neosho,Kansas
Geary,Kansas
Jackson,Kansas
Marshall,Kansas
Nemaha,Kansas
Pottawatomie,Kansas
Riley,Kansas
Shawnee,Kansas
Gage,Nebraska
Johnson,Nebraska
Nemaha,Nebraska
Pawnee,Nebraska
Atchison,Kansas
Jefferson,Kansas
Leavenworth,Kansas
Wyandotte,Kansas
Buchanan,Missouri
Clay,Missouri
Clinton,Missouri
Jackson,Missouri
Platte,Missouri
Brown,Kansas
Doniphan,Kansas
Andrew,Missouri
Atchison,Missouri
DeKalb,Missouri
Gentry,Missouri
Holt,Missouri
Nodaway,Missouri
Worth,Missouri
Richardson,Nebraska
Buffalo,Nebraska
Garfield,Nebraska
Greeley,Nebraska
Hall,Nebraska
Howard,Nebraska
Loup,Nebraska
Sherman,Nebraska
Valley,Nebraska
Wheeler,Nebraska
Butler,Nebraska
Hamilton,Nebraska
Merrick,Nebraska
Nance,Nebraska
Polk,Nebraska
Seward,Nebraska
York,Nebraska
Antelope,Nebraska
Boone,Nebraska
Colfax,Nebraska
Madison,Nebraska
Platte,Nebraska
Stanton,Nebraska
Wayne,Nebraska
Boyd,Nebraska
Holt,Nebraska
Rock,Nebraska
Aurora,South Dakota
Brule,South Dakota
Charles Mix,South Dakota
Douglas,South Dakota
Gregory,South Dakota
Cedar,Nebraska
Knox,Nebraska
Pierce,Nebraska
Bon Homme,South Dakota
Davison,South Dakota
Hanson,South Dakota
Hutchinson,South Dakota
McCook,South Dakota
Turner,South Dakota
Yankton,South Dakota
Cass,Nebraska
Douglas,Nebraska
Lancaster,Nebraska
Otoe,Nebraska
Sarpy,Nebraska
Saunders,Nebraska
Harrison,Iowa
Monona,Iowa
Burt,Nebraska
Cuming,Nebraska
Dodge,Nebraska
Thurston,Nebraska
Washington,Nebraska
Adair,Iowa
Adams,Iowa
Audubon,Iowa
Carroll,Iowa
Cass,Iowa
Crawford,Iowa
Fremont,Iowa
Greene,Iowa
Guthrie,Iowa
Mills,Iowa
Montgomery,Iowa
Page,Iowa
Pottawattamie,Iowa
Shelby,Iowa
Taylor,Iowa
Plymouth,Iowa
Woodbury,Iowa
Dakota,Nebraska
Dixon,Nebraska
Clay,South Dakota
Union,South Dakota
Lyon,Iowa
Sioux,Iowa
Nobles,Minnesota
Rock,Minnesota
Lincoln,South Dakota
Minnehaha,South Dakota
Buena Vista,Iowa
Calhoun,Iowa
Cherokee,Iowa
Clay,Iowa
Dickinson,Iowa
Emmet,Iowa
Ida,Iowa
O'Brien,Iowa
Osceola,Iowa
Palo Alto,Iowa
Pocahontas,Iowa
Sac,Iowa
Jackson,Minnesota
Martin,Minnesota
Sabine,Louisiana
Vernon,Louisiana
Sabine,Texas
San Augustine,Texas
Panola,Texas
Shelby,Texas
De Soto,Louisiana
Natchitoches,Louisiana
Red River,Louisiana
Bienville,Louisiana
Grant,Louisiana
Rapides,Louisiana
Avoyelles,Louisiana
Catahoula,Louisiana
La Salle,Louisiana
Caldwell,Louisiana
Jackson,Louisiana
Ouachita,Louisiana
Richland,Louisiana
Winn,Louisiana
Miller,Arkansas
Caddo,Louisiana
Cass,Texas
Bossier,Louisiana
Webster,Louisiana
Columbia,Arkansas
Lafayette,Arkansas
Howard,Arkansas
Little River,Arkansas
Sevier,Arkansas
Hempstead,Arkansas
Clark,Arkansas
Nevada,Arkansas
Ashley,Arkansas
Union,Arkansas
Claiborne,Louisiana
Lincoln,Louisiana
Morehouse,Louisiana
Union,Louisiana
Calhoun,Arkansas
Dallas,Arkansas
Ouachita,Arkansas
Bradley,Arkansas
Cleveland,Arkansas
Drew,Arkansas
Concordia,Louisiana
Adams,Mississippi
Amite,Mississippi
Franklin,Mississippi
Lincoln,Mississippi
Wilkinson,Mississippi
Franklin,Louisiana
Madison,Louisiana
Tensas,Louisiana
Claiborne,Mississippi
Copiah,Mississippi
Jefferson,Mississippi
Warren,Mississippi
Covington,Mississippi
Forrest,Mississippi
Jefferson Davis,Mississippi
Jones,Mississippi
Lamar,Mississippi
Lawrence,Mississippi
Marion,Mississippi
Pike,Mississippi
Walthall,Mississippi
Hinds,Mississippi
Jasper,Mississippi
Newton,Mississippi
Rankin,Mississippi
Scott,Mississippi
Simpson,Mississippi
Smith,Mississippi
Chicot,Arkansas
East Carroll,Louisiana
West Carroll,Louisiana
Humphreys,Mississippi
Issaquena,Mississippi
Sharkey,Mississippi
Washington,Mississippi
Desha,Arkansas
Lincoln,Arkansas
Bolivar,Mississippi
Sunflower,Mississippi
Madison,Mississippi
Yazoo,Mississippi
Holmes,Mississippi
Attala,Mississippi
Choctaw,Mississippi
Leake,Mississippi
Neshoba,Mississippi
Calhoun,Mississippi
Carroll,Mississippi
Grenada,Mississippi
Leflore,Mississippi
Montgomery,Mississippi
Tallahatchie,Mississippi
Webster,Mississippi
Yalobusha,Mississippi
Garland,Arkansas
Montgomery,Arkansas
Pike,Arkansas
Polk,Arkansas
Scott,Arkansas
Crawford,Arkansas
Franklin,Arkansas
Johnson,Arkansas
Logan,Arkansas
Pope,Arkansas
Sebastian,Arkansas
Yell,Arkansas
Grant,Arkansas
Hot Spring,Arkansas
Perry,Arkansas
Pulaski,Arkansas
Saline,Arkansas
Jefferson,Arkansas
Lonoke,Arkansas
Conway,Arkansas
Van Buren,Arkansas
Cleburne,Arkansas
Faulkner,Arkansas
White,Arkansas
Benton,Arkansas
Boone,Arkansas
Carroll,Arkansas
Madison,Arkansas
Newton,Arkansas
Washington,Arkansas
Barry,Missouri
Christian,Missouri
Greene,Missouri
Jasper,Missouri
Lawrence,Missouri
McDonald,Missouri
Newton,Missouri
Stone,Missouri
Baxter,Arkansas
Fulton,Arkansas
Izard,Arkansas
Marion,Arkansas
Searcy,Arkansas
Stone,Arkansas
Douglas,Missouri
Howell,Missouri
Ozark,Missouri
Taney,Missouri
Texas,Missouri
Webster,Missouri
Wright,Missouri
Arkansas,Arkansas
Lee,Arkansas
Monroe,Arkansas
Phillips,Arkansas
Prairie,Arkansas
Coahoma,Mississippi
Cross,Arkansas
Independence,Arkansas
Jackson,Arkansas
Poinsett,Arkansas
St. Francis,Arkansas
Woodruff,Arkansas
DeSoto,Mississippi
Panola,Mississippi
Quitman,Mississippi
Tate,Mississippi
Tunica,Mississippi
Benton,Mississippi
Lafayette,Mississippi
Marshall,Mississippi
Crittenden,Arkansas
Mississippi,Arkansas
Shelby,Tennessee
Tipton,Tennessee
Fayette,Tennessee
Haywood,Tennessee
Lauderdale,Tennessee
Clay,Arkansas
Craighead,Arkansas
Greene,Arkansas
Lawrence,Arkansas
Randolph,Arkansas
Sharp,Arkansas
Carter,Missouri
Oregon,Missouri
Reynolds,Missouri
Ripley,Missouri
Shannon,Missouri
Wayne,Missouri
Dunklin,Missouri
Pemiscot,Missouri
Crockett,Tennessee
Dyer,Tennessee
Lake,Tennessee
Obion,Tennessee
Bollinger,Missouri
Butler,Missouri
Stoddard,Missouri
Alexander,Illinois
Pulaski,Illinois
Fulton,Kentucky
Cape Girardeau,Missouri
Mississippi,Missouri
New Madrid,Missouri
Scott,Missouri
Choctaw,Alabama
Clarke,Alabama
Marengo,Alabama
Washington,Alabama
Clarke,Mississippi
Greene,Mississippi
Lauderdale,Mississippi
Perry,Mississippi
Wayne,Mississippi
Conecuh,Alabama
Escambia,Alabama
Monroe,Alabama
Dallas,Alabama
Wilcox,Alabama
Autauga,Alabama
Butler,Alabama
Lowndes,Alabama
Greene,Alabama
Pickens,Alabama
Sumter,Alabama
Kemper,Mississippi
Noxubee,Mississippi
Winston,Mississippi
Lamar,Alabama
Marion,Alabama
Chickasaw,Mississippi
Clay,Mississippi
Lowndes,Mississippi
Monroe,Mississippi
Oktibbeha,Mississippi
Bibb,Alabama
Chilton,Alabama
Hale,Alabama
Perry,Alabama
Shelby,Alabama
Tuscaloosa,Alabama
Blount,Alabama
Cullman,Alabama
Fayette,Alabama
Jefferson,Alabama
Walker,Alabama
Coffee,Alabama
Covington,Alabama
Dale,Alabama
Geneva,Alabama
Henry,Alabama
Houston,Alabama
Crenshaw,Alabama
Montgomery,Alabama
Pike,Alabama
Barbour,Alabama
Bullock,Alabama
Macon,Alabama
Russell,Alabama
Baker,Georgia
Calhoun,Georgia
Clay,Georgia
Dougherty,Georgia
Early,Georgia
Miller,Georgia
Mitchell,Georgia
Worth,Georgia
Chattahoochee,Georgia
Marion,Georgia
Muscogee,Georgia
Quitman,Georgia
Randolph,Georgia
Stewart,Georgia
Webster,Georgia
Lee,Georgia
Macon,Georgia
Schley,Georgia
Sumter,Georgia
Terrell,Georgia
Chambers,Alabama
Clay,Alabama
Coosa,Alabama
Elmore,Alabama
Lee,Alabama
Randolph,Alabama
Tallapoosa,Alabama
Calhoun,Alabama
Cleburne,Alabama
Etowah,Alabama
St. Clair,Alabama
Talladega,Alabama
Haralson,Georgia
Polk,Georgia
Harris,Georgia
Heard,Georgia
Meriwether,Georgia
Talbot,Georgia
Troup,Georgia
Crawford,Georgia
Peach,Georgia
Taylor,Georgia
Upson,Georgia
Butts,Georgia
Lamar,Georgia
Monroe,Georgia
Pike,Georgia
Spalding,Georgia
Carroll,Georgia
Cobb,Georgia
Coweta,Georgia
Douglas,Georgia
Fayette,Georgia
Paulding,Georgia
Clayton,Georgia
Henry,Georgia
Newton,Georgia
Rockdale,Georgia
DeKalb,Georgia
Fulton,Georgia
Gwinnett,Georgia
Franklin,Alabama
Alcorn,Mississippi
Itawamba,Mississippi
Lee,Mississippi
Pontotoc,Mississippi
Prentiss,Mississippi
Tippah,Mississippi
Tishomingo,Mississippi
Union,Mississippi
Chester,Tennessee
Hardeman,Tennessee
McNairy,Tennessee
Madison,Tennessee
Decatur,Tennessee
Hardin,Tennessee
Henderson,Tennessee
Perry,Tennessee
Wayne,Tennessee
Colbert,Alabama
Lauderdale,Alabama
Lawrence,Alabama
Limestone,Alabama
Madison,Alabama
Morgan,Alabama
Winston,Alabama
Giles,Tennessee
Lawrence,Tennessee
Lewis,Tennessee
Lincoln,Tennessee
Marshall,Tennessee
Maury,Tennessee
Carroll,Tennessee
Gibson,Tennessee
Weakley,Tennessee
Benton,Tennessee
Henry,Tennessee
Stewart,Tennessee
Massac,Illinois
Pope,Illinois
Ballard,Kentucky
Carlisle,Kentucky
Graves,Kentucky
Hickman,Kentucky
McCracken,Kentucky
Caldwell,Kentucky
Calloway,Kentucky
Crittenden,Kentucky
Livingston,Kentucky
Lyon,Kentucky
Marshall,Kentucky
Trigg,Kentucky
Dickson,Tennessee
Hickman,Tennessee
Houston,Tennessee
Humphreys,Tennessee
Montgomery,Tennessee
Williamson,Tennessee
Cheatham,Tennessee
Robertson,Tennessee
Davidson,Tennessee
Sumner,Tennessee
Christian,Kentucky
Hopkins,Kentucky
Muhlenberg,Kentucky
Todd,Kentucky
Butler,Kentucky
Logan,Kentucky
Simpson,Kentucky
Cherokee,Alabama
DeKalb,Alabama
Jackson,Alabama
Marshall,Alabama
Chattooga,Georgia
Dade,Georgia
Floyd,Georgia
Walker,Georgia
Bedford,Tennessee
Coffee,Tennessee
Franklin,Tennessee
Moore,Tennessee
Hamilton,Tennessee
Marion,Tennessee
Bledsoe,Tennessee
Grundy,Tennessee
Sequatchie,Tennessee
Van Buren,Tennessee
Warren,Tennessee
Bartow,Georgia
Catoosa,Georgia
Gordon,Georgia
Murray,Georgia
Whitfield,Georgia
Cherokee,Georgia
Dawson,Georgia
Forsyth,Georgia
Hall,Georgia
Pickens,Georgia
Fannin,Georgia
Gilmer,Georgia
Lumpkin,Georgia
Union,Georgia
Bradley,Tennessee
McMinn,Tennessee
Meigs,Tennessee
Polk,Tennessee
Rhea,Tennessee
Cherokee,North Carolina
Blount,Tennessee
Loudon,Tennessee
Monroe,Tennessee
Cannon,Tennessee
DeKalb,Tennessee
Macon,Tennessee
Rutherford,Tennessee
Smith,Tennessee
Trousdale,Tennessee
Wilson,Tennessee
Clay,Tennessee
Jackson,Tennessee
Overton,Tennessee
Putnam,Tennessee
White,Tennessee
Allen,Kentucky
Barren,Kentucky
Edmonson,Kentucky
Hart,Kentucky
Warren,Kentucky
Adair,Kentucky
Cumberland,Kentucky
Green,Kentucky
Metcalfe,Kentucky
Monroe,Kentucky
Taylor,Kentucky
Cumberland,Tennessee
Morgan,Tennessee
Roane,Tennessee
Fentress,Tennessee
Pickett,Tennessee
Scott,Tennessee
Anderson,Tennessee
Campbell,Tennessee
Knox,Tennessee
Union,Tennessee
Casey,Kentucky
Clinton,Kentucky
McCreary,Kentucky
Pulaski,Kentucky
Russell,Kentucky
Wayne,Kentucky
Laurel,Kentucky
Rockcastle,Kentucky
Whitley,Kentucky
Barton,Missouri
Cedar,Missouri
Dade,Missouri
Hickory,Missouri
Polk,Missouri
St. Clair,Missouri
Vernon,Missouri
Bates,Missouri
Benton,Missouri
Cass,Missouri
Henry,Missouri
Johnson,Missouri
Pettis,Missouri
Camden,Missouri
Dallas,Missouri
Laclede,Missouri
Maries,Missouri
Phelps,Missouri
Pulaski,Missouri
Boone,Missouri
Callaway,Missouri
Cole,Missouri
Cooper,Missouri
Miller,Missouri
Moniteau,Missouri
Morgan,Missouri
Osage,Missouri
Caldwell,Missouri
Carroll,Missouri
Daviess,Missouri
Grundy,Missouri
Harrison,Missouri
Lafayette,Missouri
Linn,Missouri
Livingston,Missouri
Mercer,Missouri
Ray,Missouri
Saline,Missouri
Sullivan,Missouri
Adair,Missouri
Audrain,Missouri
Chariton,Missouri
Howard,Missouri
Knox,Missouri
Macon,Missouri
Monroe,Missouri
Putnam,Missouri
Randolph,Missouri
Schuyler,Missouri
Scotland,Missouri
Shelby,Missouri
Crawford,Missouri
Dent,Missouri
Iron,Missouri
Washington,Missouri
Gasconade,Missouri
Montgomery,Missouri
Warren,Missouri
Franklin,Missouri
Jefferson,Missouri
St. Charles,Missouri
St. Louis County,Missouri
Jackson,Illinois
Perry,Illinois
Randolph,Illinois
Union,Illinois
Madison,Missouri
Perry,Missouri
Ste. Genevieve,Missouri
St. Francois,Missouri
Bond,Illinois
Clinton,Illinois
Madison,Illinois
Monroe,Illinois
St. Clair,Illinois
Washington,Illinois
St. Louis City,Missouri
Calhoun,Illinois
Pike,Illinois
Scott,Illinois
Lincoln,Missouri
Pike,Missouri
Ralls,Missouri
Adams,Illinois
Brown,Illinois
Hancock,Illinois
McDonough,Illinois
Schuyler,Illinois
Lee,Iowa
Clark,Missouri
Lewis,Missouri
Marion,Missouri
Christian,Illinois
Greene,Illinois
Jersey,Illinois
Macoupin,Illinois
Montgomery,Illinois
Morgan,Illinois
Sangamon,Illinois
Cass,Illinois
Fulton,Illinois
Logan,Illinois
Mason,Illinois
Menard,Illinois
Tazewell,Illinois
Boone,Iowa
Clarke,Iowa
Dallas,Iowa
Decatur,Iowa
Jasper,Iowa
Lucas,Iowa
Madison,Iowa
Marion,Iowa
Polk,Iowa
Ringgold,Iowa
Story,Iowa
Union,Iowa
Warren,Iowa
Wayne,Iowa
Appanoose,Iowa
Benton,Iowa
Davis,Iowa
Iowa,Iowa
Jefferson,Iowa
Keokuk,Iowa
Mahaska,Iowa
Marshall,Iowa
Monroe,Iowa
Poweshiek,Iowa
Tama,Iowa
Van Buren,Iowa
Wapello,Iowa
Cerro Gordo,Iowa
Franklin,Iowa
Hamilton,Iowa
Hancock,Iowa
Hardin,Iowa
Humboldt,Iowa
Kossuth,Iowa
Webster,Iowa
Winnebago,Iowa
Worth,Iowa
Wright,Iowa
Faribault,Minnesota
Freeborn,Minnesota
Black Hawk,Iowa
Bremer,Iowa
Buchanan,Iowa
Butler,Iowa
Chickasaw,Iowa
Fayette,Iowa
Floyd,Iowa
Grundy,Iowa
Howard,Iowa
Mitchell,Iowa
Winneshiek,Iowa
Fillmore,Minnesota
Mower,Minnesota
Henderson,Illinois
Mercer,Illinois
Warren,Illinois
Des Moines,Iowa
Henry,Iowa
Louisa,Iowa
Washington,Iowa
Rock Island,Illinois
Cedar,Iowa
Clinton,Iowa
Jackson,Iowa
Johnson,Iowa
Jones,Iowa
Linn,Iowa
Muscatine,Iowa
Scott,Iowa
Bureau,Illinois
Carroll,Illinois
Henry,Illinois
Knox,Illinois
Lee,Illinois
Marshall,Illinois
Ogle,Illinois
Peoria,Illinois
Putnam,Illinois
Stark,Illinois
Whiteside,Illinois
Woodford,Illinois
Allamakee,Iowa
Clayton,Iowa
Delaware,Iowa
Dubuque,Iowa
Houston,Minnesota
Crawford,Wisconsin
Grant,Wisconsin
Richland,Wisconsin
Vernon,Wisconsin
Jo Daviess,Illinois
Stephenson,Illinois
Winnebago,Illinois
Columbia,Wisconsin
Dane,Wisconsin
Green,Wisconsin
Iowa,Wisconsin
Lafayette,Wisconsin
Marquette,Wisconsin
Sauk,Wisconsin
Franklin,Illinois
Gallatin,Illinois
Hamilton,Illinois
Hardin,Illinois
Johnson,Illinois
Saline,Illinois
White,Illinois
Williamson,Illinois
Posey,Indiana
Union,Kentucky
Clay,Illinois
Edwards,Illinois
Fayette,Illinois
Jefferson,Illinois
Marion,Illinois
Richland,Illinois
Wabash,Illinois
Wayne,Illinois
Vanderburgh,Indiana
Warrick,Indiana
Henderson,Kentucky
McLean,Kentucky
Webster,Kentucky
Daviess,Kentucky
Ohio,Kentucky
Perry,Indiana
Spencer,Indiana
Hancock,Kentucky
Lawrence,Illinois
Gibson,Indiana
Knox,Indiana
Pike,Indiana
Sullivan,Indiana
Daviess,Indiana
Dubois,Indiana
Lawrence,Indiana
Martin,Indiana
Orange,Indiana
Champaign,Illinois
Coles,Illinois
Cumberland,Illinois
De Witt,Illinois
Douglas,Illinois
Effingham,Illinois
Jasper,Illinois
McLean,Illinois
Macon,Illinois
Moultrie,Illinois
Piatt,Illinois
Shelby,Illinois
Clark,Illinois
Crawford,Illinois
Edgar,Illinois
Clay,Indiana
Greene,Indiana
Hendricks,Indiana
Monroe,Indiana
Morgan,Indiana
Owen,Indiana
Parke,Indiana
Putnam,Indiana
Vigo,Indiana
Vermilion,Illinois
Boone,Indiana
Carroll,Indiana
Clinton,Indiana
Fountain,Indiana
Montgomery,Indiana
Tippecanoe,Indiana
Vermillion,Indiana
Warren,Indiana
Breckinridge,Kentucky
Grayson,Kentucky
Hardin,Kentucky
Meade,Kentucky
Larue,Kentucky
Marion,Kentucky
Nelson,Kentucky
Washington,Kentucky
Bullitt,Kentucky
Spencer,Kentucky
Crawford,Indiana
Floyd,Indiana
Harrison,Indiana
Jackson,Indiana
Washington,Indiana
Clark,Indiana
Jefferson,Indiana
Scott,Indiana
Jefferson,Kentucky
Oldham,Kentucky
Shelby,Kentucky
Trimble,Kentucky
Anderson,Kentucky
Boyle,Kentucky
Garrard,Kentucky
Jessamine,Kentucky
Lincoln,Kentucky
Mercer,Kentucky
Woodford,Kentucky
Estill,Kentucky
Jackson,Kentucky
Madison,Kentucky
Clark,Kentucky
Fayette,Kentucky
Montgomery,Kentucky
Franklin,Kentucky
Henry,Kentucky
Owen,Kentucky
Scott,Kentucky
Ohio,Indiana
Switzerland,Indiana
Boone,Kentucky
Carroll,Kentucky
Gallatin,Kentucky
Grant,Kentucky
Kenton,Kentucky
Bourbon,Kentucky
Harrison,Kentucky
Nicholas,Kentucky
Robertson,Kentucky
Bracken,Kentucky
Campbell,Kentucky
Pendleton,Kentucky
Brown,Ohio
Bartholomew,Indiana
Brown,Indiana
Decatur,Indiana
Fayette,Indiana
Jennings,Indiana
Johnson,Indiana
Marion,Indiana
Ripley,Indiana
Rush,Indiana
Shelby,Indiana
Blackford,Indiana
Delaware,Indiana
Grant,Indiana
Hamilton,Indiana
Hancock,Indiana
Henry,Indiana
Howard,Indiana
Madison,Indiana
Tipton,Indiana
Dearborn,Indiana
Franklin,Indiana
Union,Indiana
Butler,Ohio
Clermont,Ohio
Greene,Ohio
Hamilton,Ohio
Montgomery,Ohio
Preble,Ohio
Warren,Ohio
Jay,Indiana
Randolph,Indiana
Wayne,Indiana
Auglaize,Ohio
Darke,Ohio
Mercer,Ohio
Miami,Ohio
Shelby,Ohio
Ford,Illinois
Grundy,Illinois
Iroquois,Illinois
Kankakee,Illinois
LaSalle,Illinois
Livingston,Illinois
DeKalb,Illinois
Cook,Illinois
Kendall,Illinois
Will,Illinois
DuPage,Illinois
Kane,Illinois
Benton,Indiana
Jasper,Indiana
Lake,Indiana
LaPorte,Indiana
Newton,Indiana
Porter,Indiana
Pulaski,Indiana
Starke,Indiana
White,Indiana
Berrien,Michigan
Boone,Illinois
McHenry,Illinois
Jefferson,Wisconsin
Rock,Wisconsin
Walworth,Wisconsin
Lake,Illinois
Kenosha,Wisconsin
Milwaukee,Wisconsin
Racine,Wisconsin
Waukesha,Wisconsin
Dodge,Wisconsin
Fond du Lac,Wisconsin
Green Lake,Wisconsin
Ozaukee,Wisconsin
Sheboygan,Wisconsin
Washington,Wisconsin
Cass,Indiana
Elkhart,Indiana
Fulton,Indiana
Huntington,Indiana
Kosciusko,Indiana
LaGrange,Indiana
Marshall,Indiana
Miami,Indiana
Noble,Indiana
St. Joseph,Indiana
Wabash,Indiana
Wells,Indiana
Whitley,Indiana
Cass,Michigan
St. Joseph,Michigan
Adams,Indiana
Allen,Indiana
DeKalb,Indiana
Steuben,Indiana
Branch,Michigan
Hillsdale,Michigan
Lenawee,Michigan
Allen,Ohio
Defiance,Ohio
Fulton,Ohio
Henry,Ohio
Paulding,Ohio
Putnam,Ohio
Van Wert,Ohio
Williams,Ohio
Allegan,Michigan
Barry,Michigan
Kalamazoo,Michigan
Ottawa,Michigan
Van Buren,Michigan
Kent,Michigan
Mecosta,Michigan
Montcalm,Michigan
Muskegon,Michigan
Newaygo,Michigan
Oceana,Michigan
Bay,Michigan
Calhoun,Michigan
Clinton,Michigan
Eaton,Michigan
Gratiot,Michigan
Ingham,Michigan
Ionia,Michigan
Isabella,Michigan
Jackson,Michigan
Livingston,Michigan
Midland,Michigan
Saginaw,Michigan
Shiawassee,Michigan
Benton,Oregon
Lincoln,Oregon
Polk,Oregon
Tillamook,Oregon
Yamhill,Oregon
Clatsop,Oregon
Pacific,Washington
Wahkiakum,Washington
Lane,Oregon
Linn,Oregon
Clackamas,Oregon
Marion,Oregon
Deschutes,Oregon
Jefferson,Oregon
Sherman,Oregon
Wasco,Oregon
Columbia,Oregon
Multnomah,Oregon
Washington,Oregon
Clark,Washington
Cowlitz,Washington
Thurston,Washington
Lewis,Washington
Pierce,Washington
Hood River,Oregon
Klickitat,Washington
Skamania,Washington
Yakima,Washington
Grays Harbor,Washington
Jefferson,Washington
Clallam,Washington
Mason,Washington
Kitsap,Washington
San Juan,Washington
Island,Washington
King,Washington
Kittitas,Washington
Snohomish,Washington
Skagit,Washington
Whatcom,Washington
Crook,Oregon
Gilliam,Oregon
Wheeler,Oregon
Grant,Oregon
Morrow,Oregon
Umatilla,Oregon
Adams,Washington
Benton,Washington
Franklin,Washington
Walla Walla,Washington
Payette,Idaho
Washington,Idaho
Baker,Oregon
Union,Oregon
Boise,Idaho
Gem,Idaho
Adams,Idaho
Valley,Idaho
Nez Perce,Idaho
Wallowa,Oregon
Asotin,Washington
Columbia,Washington
Garfield,Washington
Whitman,Washington
Lewis,Idaho
Idaho,Idaho
Clearwater,Idaho
Latah,Idaho
Douglas,Washington
Grant,Washington
Chelan,Washington
Okanogan,Washington
Ferry,Washington
Lincoln,Washington
Pend Oreille,Washington
Spokane,Washington
Stevens,Washington
Benewah,Idaho
Bonner,Idaho
Kootenai,Idaho
Shoshone,Idaho
Boundary,Idaho
Custer,Idaho
Lemhi,Idaho
Deer Lodge,Montana
Ravalli,Montana
Granite,Montana
Powell,Montana
Clark,Idaho
Fremont,Idaho
Jefferson,Idaho
Beaverhead,Montana
Madison,Montana
Gallatin,Montana
Teton,Wyoming
Jefferson,Montana
Silver Bow,Montana
Broadwater,Montana
Judith Basin,Montana
Meagher,Montana
Park,Montana
Mineral,Montana
Sanders,Montana
Lake,Montana
Lincoln,Montana
Missoula,Montana
Flathead,Montana
Glacier,Montana
Lewis and Clark,Montana
Teton,Montana
Pondera,Montana
Toole,Montana
Cascade,Montana
Chouteau,Montana
Liberty,Montana
Carbon,Montana
Big Horn,Wyoming
Park,Wyoming
Golden Valley,Montana
Musselshell,Montana
Stillwater,Montana
Sweet Grass,Montana
Wheatland,Montana
Yellowstone,Montana
Powder River,Montana
Campbell,Wyoming
Johnson,Wyoming
Sheridan,Wyoming
Big Horn,Montana
Custer,Montana
Prairie,Montana
Rosebud,Montana
Treasure,Montana
Blaine,Montana
Fergus,Montana
Hill,Montana
Petroleum,Montana
Phillips,Montana
Garfield,Montana
Valley,Montana
McCone,Montana
Roosevelt,Montana
Daniels,Montana
Lawrence,South Dakota
Crook,Wyoming
Weston,Wyoming
Butte,South Dakota
Meade,South Dakota
Pennington,South Dakota
Carter,Montana
Fallon,Montana
Wibaux,Montana
Adams,North Dakota
Billings,North Dakota
Bowman,North Dakota
Golden Valley,North Dakota
Hettinger,North Dakota
Slope,North Dakota
Stark,North Dakota
Harding,South Dakota
Perkins,South Dakota
Haakon,South Dakota
Ziebach,South Dakota
Dewey,South Dakota
Hughes,South Dakota
Jones,South Dakota
Lyman,South Dakota
Potter,South Dakota
Stanley,South Dakota
Sully,South Dakota
Walworth,South Dakota
Sioux,North Dakota
Corson,South Dakota
Grant,North Dakota
Morton,North Dakota
Burleigh,North Dakota
Emmons,North Dakota
Kidder,North Dakota
Campbell,South Dakota
Dawson,Montana
Richland,Montana
Dunn,North Dakota
McKenzie,North Dakota
Mountrail,North Dakota
Williams,North Dakota
Sheridan,Montana
Burke,North Dakota
Divide,North Dakota
Bottineau,North Dakota
McHenry,North Dakota
McLean,North Dakota
Mercer,North Dakota
Oliver,North Dakota
Pierce,North Dakota
Renville,North Dakota
Rolette,North Dakota
Sheridan,North Dakota
Ward,North Dakota
Wells,North Dakota
Beadle,South Dakota
Buffalo,South Dakota
Clark,South Dakota
Codington,South Dakota
Day,South Dakota
Edmunds,South Dakota
Faulk,South Dakota
Hamlin,South Dakota
Hand,South Dakota
Hyde,South Dakota
Jerauld,South Dakota
Kingsbury,South Dakota
Lake,South Dakota
Miner,South Dakota
Sanborn,South Dakota
Spink,South Dakota
Dickey,North Dakota
LaMoure,North Dakota
Logan,North Dakota
McIntosh,North Dakota
Stutsman,North Dakota
Brown,South Dakota
McPherson,South Dakota
Barnes,North Dakota
Cass,North Dakota
Ransom,North Dakota
Sargent,North Dakota
Marshall,South Dakota
Lincoln,Minnesota
Lyon,Minnesota
Murray,Minnesota
Pipestone,Minnesota
Brookings,South Dakota
Moody,South Dakota
Big Stone,Minnesota
Lac qui Parle,Minnesota
Swift,Minnesota
Yellow Medicine,Minnesota
Deuel,South Dakota
Grant,South Dakota
Brown,Minnesota
Cottonwood,Minnesota
Nicollet,Minnesota
Redwood,Minnesota
Watonwan,Minnesota
Chippewa,Minnesota
Kandiyohi,Minnesota
Meeker,Minnesota
Renville,Minnesota
Grant,Minnesota
Stevens,Minnesota
Traverse,Minnesota
Roberts,South Dakota
Wilkin,Minnesota
Richland,North Dakota
Clay,Minnesota
Becker,Minnesota
Otter Tail,Minnesota
Douglas,Minnesota
Pope,Minnesota
Stearns,Minnesota
Todd,Minnesota
Wadena,Minnesota
Benson,North Dakota
Eddy,North Dakota
Foster,North Dakota
Ramsey,North Dakota
Towner,North Dakota
Grand Forks,North Dakota
Griggs,North Dakota
Nelson,North Dakota
Steele,North Dakota
Traill,North Dakota
Walsh,North Dakota
Cavalier,North Dakota
Pembina,North Dakota
Mahnomen,Minnesota
Marshall,Minnesota
Norman,Minnesota
Pennington,Minnesota
Polk,Minnesota
Red Lake,Minnesota
Beltrami,Minnesota
Clearwater,Minnesota
Hubbard,Minnesota
Kittson,Minnesota
Lake of the Woods,Minnesota
Roseau,Minnesota
Blue Earth,Minnesota
Le Sueur,Minnesota
Rice,Minnesota
Sibley,Minnesota
Steele,Minnesota
Waseca,Minnesota
Carver,Minnesota
McLeod,Minnesota
Sherburne,Minnesota
Wright,Minnesota
Anoka,Minnesota
Hennepin,Minnesota
Ramsey,Minnesota
Scott,Minnesota
Dodge,Minnesota
Goodhue,Minnesota
Olmsted,Minnesota
Wabasha,Minnesota
Buffalo,Wisconsin
Pepin,Wisconsin
Dakota,Minnesota
Washington,Minnesota
Barron,Wisconsin
Dunn,Wisconsin
Pierce,Wisconsin
St. Croix,Wisconsin
Aitkin,Minnesota
Benton,Minnesota
Cass,Minnesota
Crow Wing,Minnesota
Isanti,Minnesota
Kanabec,Minnesota
Mille Lacs,Minnesota
Morrison,Minnesota
Carlton,Minnesota
Chisago,Minnesota
Pine,Minnesota
Burnett,Wisconsin
Douglas,Wisconsin
Polk,Wisconsin
Washburn,Wisconsin
Winona,Minnesota
Chippewa,Wisconsin
Clark,Wisconsin
Eau Claire,Wisconsin
Jackson,Wisconsin
La Crosse,Wisconsin
Monroe,Wisconsin
Taylor,Wisconsin
Trempealeau,Wisconsin
Adams,Wisconsin
Juneau,Wisconsin
Lincoln,Wisconsin
Marathon,Wisconsin
Portage,Wisconsin
Waushara,Wisconsin
Wood,Wisconsin
Ashland,Wisconsin
Bayfield,Wisconsin
Rusk,Wisconsin
Sawyer,Wisconsin
Gogebic,Michigan
Ontonagon,Michigan
Iron,Wisconsin
Oneida,Wisconsin
Price,Wisconsin
Vilas,Wisconsin
Itasca,Minnesota
Koochiching,Minnesota
St. Louis,Minnesota
Lake,Minnesota
Cook,Minnesota
Brown,Wisconsin
Calumet,Wisconsin
Outagamie,Wisconsin
Waupaca,Wisconsin
Winnebago,Wisconsin
Langlade,Wisconsin
Marinette,Wisconsin
Menominee,Wisconsin
Oconto,Wisconsin
Shawano,Wisconsin
Door,Wisconsin
Kewaunee,Wisconsin
Manitowoc,Wisconsin
Baraga,Michigan
Dickinson,Michigan
Houghton,Michigan
Iron,Michigan
Florence,Wisconsin
Forest,Wisconsin
Delta,Michigan
Menominee,Michigan
Marquette,Michigan
Alger,Michigan
Lake,Michigan
Manistee,Michigan
Mason,Michigan
Osceola,Michigan
Wexford,Michigan
Benzie,Michigan
Leelanau,Michigan
Grand Traverse,Michigan
Antrim,Michigan
Clare,Michigan
Crawford,Michigan
Gladwin,Michigan
Kalkaska,Michigan
Missaukee,Michigan
Montmorency,Michigan
Ogemaw,Michigan
Oscoda,Michigan
Otsego,Michigan
Roscommon,Michigan
Charlevoix,Michigan
Luce,Michigan
Schoolcraft,Michigan
Emmet,Michigan
Mackinac,Michigan
Cheboygan,Michigan
Chippewa,Michigan
Keweenaw,Michigan
Monroe,Florida
Lee,Florida
Collier,Florida
Hendry,Florida
Sarasota,Florida
Charlotte,Florida
Manatee,Florida
DeSoto,Florida
Glades,Florida
Hardee,Florida
Highlands,Florida
Miami-Dade,Florida
Broward,Florida
Palm Beach,Florida
Okeechobee,Florida
Martin,Florida
St. Lucie,Florida
Pinellas,Florida
Levy,Florida
Hillsborough,Florida
Pasco,Florida
Osceola,Florida
Polk,Florida
Hernando,Florida
Citrus,Florida
Sumter,Florida
Marion,Florida
Lake,Florida
Orange,Florida
Seminole,Florida
Taylor,Florida
Dixie,Florida
Alachua,Florida
Gilchrist,Florida
Lafayette,Florida
Madison,Florida
Brooks,Georgia
Lowndes,Georgia
Columbia,Florida
Hamilton,Florida
Suwannee,Florida
Clinch,Georgia
Echols,Georgia
Bradford,Florida
Union,Florida
Flagler,Florida
Putnam,Florida
Clay,Florida
St. Johns,Florida
Baker,Florida
Charlton,Georgia
Duval,Florida
Nassau,Florida
Indian River,Florida
Brevard,Florida
Volusia,Florida
Mayaguez,Puerto Rico
Cabo Rojo,Puerto Rico
Hormigueros,Puerto Rico
Aguada,Puerto Rico
Anasco,Puerto Rico
Moca,Puerto Rico
Rincon,Puerto Rico
Guanica,Puerto Rico
Lajas,Puerto Rico
Maricao,Puerto Rico
Sabana Grande,Puerto Rico
San German,Puerto Rico
Adjuntas,Puerto Rico
Guayanilla,Puerto Rico
Yauco,Puerto Rico
Lares,Puerto Rico
Las Marias,Puerto Rico
San Sebastian,Puerto Rico
Aguadilla,Puerto Rico
Camuy,Puerto Rico
Hatillo,Puerto Rico
Isabela,Puerto Rico
Quebradillas,Puerto Rico
Penuelas,Puerto Rico
Ponce,Puerto Rico
Juana Diaz,Puerto Rico
Villalba,Puerto Rico
Jayuya,Puerto Rico
Utuado,Puerto Rico
Ciales,Puerto Rico
Florida,Puerto Rico
Morovis,Puerto Rico
Orocovis,Puerto Rico
Salinas,Puerto Rico
Santa Isabel,Puerto Rico
Aibonito,Puerto Rico
Coamo,Puerto Rico
Cayey,Puerto Rico
Cidra,Puerto Rico
Guayama,Puerto Rico
Barranquitas,Puerto Rico
Corozal,Puerto Rico
Naranjito,Puerto Rico
Toa Alta,Puerto Rico
Aguas Buenas,Puerto Rico
Bayamon,Puerto Rico
Comerio,Puerto Rico
Guaynabo,Puerto Rico
Arecibo,Puerto Rico
Barceloneta,Puerto Rico
Manati,Puerto Rico
Catano,Puerto Rico
Dorado,Puerto Rico
Toa Baja,Puerto Rico
Vega Alta,Puerto Rico
Vega Baja,Puerto Rico
Arroyo,Puerto Rico
Patillas,Puerto Rico
San Lorenzo,Puerto Rico
Humacao,Puerto Rico
Maunabo,Puerto Rico
Yabucoa,Puerto Rico
Caguas,Puerto Rico
Gurabo,Puerto Rico
Carolina,Puerto Rico
San Juan,Puerto Rico
Trujillo Alto,Puerto Rico
Canovanas,Puerto Rico
Juncos,Puerto Rico
Las Piedras,Puerto Rico
Rio Grande,Puerto Rico
Ceiba,Puerto Rico
Naguabo,Puerto Rico
Fajardo,Puerto Rico
Luquillo,Puerto Rico
Loiza,Puerto Rico
Vieques,Puerto Rico
Culebra,Puerto Rico
Berrien,Georgia
Colquitt,Georgia
Cook,Georgia
Irwin,Georgia
Tift,Georgia
Turner,Georgia
Atkinson,Georgia
Coffee,Georgia
Lanier,Georgia
Ben Hill,Georgia
Bleckley,Georgia
Crisp,Georgia
Dooly,Georgia
Houston,Georgia
Pulaski,Georgia
Wilcox,Georgia
Jeff Davis,Georgia
Telfair,Georgia
Wheeler,Georgia
Dodge,Georgia
Laurens,Georgia
Montgomery,Georgia
Treutlen,Georgia
Brantley,Georgia
Ware,Georgia
Bacon,Georgia
Pierce,Georgia
Wayne,Georgia
Camden,Georgia
Glynn,Georgia
McIntosh,Georgia
Appling,Georgia
Candler,Georgia
Evans,Georgia
Tattnall,Georgia
Toombs,Georgia
Long,Georgia
Liberty,Georgia
Bryan,Georgia
Bulloch,Georgia
Effingham,Georgia
Bibb,Georgia
Twiggs,Georgia
Baldwin,Georgia
Jasper,Georgia
Jones,Georgia
Putnam,Georgia
Glascock,Georgia
Hancock,Georgia
Johnson,Georgia
Washington,Georgia
Wilkinson,Georgia
Morgan,Georgia
Barrow,Georgia
Jackson,Georgia
Walton,Georgia
Clarke,Georgia
Madison,Georgia
Oconee,Georgia
Greene,Georgia
Taliaferro,Georgia
Warren,Georgia
Elbert,Georgia
Oglethorpe,Georgia
Wilkes,Georgia
Burke,Georgia
Emanuel,Georgia
Jefferson,Georgia
Jenkins,Georgia
Screven,Georgia
Allendale,South Carolina
Barnwell,South Carolina
Columbia,Georgia
Lincoln,Georgia
McDuffie,Georgia
Richmond,Georgia
Edgefield,South Carolina
McCormick,South Carolina
Aiken,South Carolina
Lexington,South Carolina
Saluda,South Carolina
Chatham,Georgia
Jasper,South Carolina
Beaufort,South Carolina
Bamberg,South Carolina
Colleton,South Carolina
Hampton,South Carolina
Dorchester,South Carolina
Berkeley,South Carolina
Calhoun,South Carolina
Orangeburg,South Carolina
Richland,South Carolina
Clarendon,South Carolina
Sumter,South Carolina
Charleston,South Carolina
Williamsburg,South Carolina
Georgetown,South Carolina
Florence,South Carolina
Marion,South Carolina
Horry,South Carolina
Banks,Georgia
Franklin,Georgia
Habersham,Georgia
Rabun,Georgia
Stephens,Georgia
Towns,Georgia
White,Georgia
Hart,Georgia
Anderson,South Carolina
Oconee,South Carolina
Pickens,South Carolina
Clay,North Carolina
Graham,North Carolina
Macon,North Carolina
Swain,North Carolina
Buncombe,North Carolina
Haywood,North Carolina
Jackson,North Carolina
Transylvania,North Carolina
Abbeville,South Carolina
Greenwood,South Carolina
Laurens,South Carolina
Greenville,South Carolina
Spartanburg,South Carolina
Newberry,South Carolina
Union,South Carolina
Henderson,North Carolina
McDowell,North Carolina
Polk,North Carolina
Rutherford,North Carolina
Catawba,North Carolina
Cleveland,North Carolina
Lincoln,North Carolina
Cherokee,South Carolina
Jefferson,Tennessee
Sevier,Tennessee
Claiborne,Tennessee
Grainger,Tennessee
Hamblen,Tennessee
Madison,North Carolina
Cocke,Tennessee
Greene,Tennessee
Hancock,Tennessee
Hawkins,Tennessee
Bell,Kentucky
Knox,Kentucky
Harlan,Kentucky
Lee,Virginia
Clay,Kentucky
Leslie,Kentucky
Perry,Kentucky
Scott,Virginia
Norton,Virginia
Knott,Kentucky
Letcher,Kentucky
Wise,Virginia
Avery,North Carolina
Mitchell,North Carolina
Yancey,North Carolina
Unicoi,Tennessee
Carter,Tennessee
Sullivan,Tennessee
Washington,Tennessee
Burke,North Carolina
Caldwell,North Carolina
Ashe,North Carolina
Watauga,North Carolina
Johnson,Tennessee
Russell,Virginia
Washington,Virginia
Bristol,Virginia
Buchanan,Virginia
Dickenson,Virginia
Grayson,Virginia
Smyth,Virginia
Tazewell,Virginia
Chester,South Carolina
Fairfield,South Carolina
Kershaw,South Carolina
Lancaster,South Carolina
Chesterfield,South Carolina
Darlington,South Carolina
Lee,South Carolina
Gaston,North Carolina
Mecklenburg,North Carolina
Union,North Carolina
York,South Carolina
Anson,North Carolina
Cabarrus,North Carolina
Montgomery,North Carolina
Rowan,North Carolina
Stanly,North Carolina
Scotland,North Carolina
Dillon,South Carolina
Marlboro,South Carolina
Columbus,North Carolina
Robeson,North Carolina
Hoke,North Carolina
Moore,North Carolina
Randolph,North Carolina
Richmond,North Carolina
Chatham,North Carolina
Cumberland,North Carolina
Harnett,North Carolina
Lee,North Carolina
Alexander,North Carolina
Alleghany,North Carolina
Iredell,North Carolina
Surry,North Carolina
Wilkes,North Carolina
Yadkin,North Carolina
Davidson,North Carolina
Davie,North Carolina
Forsyth,North Carolina
Stokes,North Carolina
Bland,Virginia
Carroll,Virginia
Giles,Virginia
Pulaski,Virginia
Wythe,Virginia
Galax,Virginia
Radford,Virginia
Floyd,Virginia
Patrick,Virginia
Montgomery,Virginia
Franklin County,Virginia
Roanoke County,Virginia
Roanoke City,Virginia
Salem,Virginia
Alamance,North Carolina
Caswell,North Carolina
Durham,North Carolina
Granville,North Carolina
Guilford,North Carolina
Orange,North Carolina
Person,North Carolina
Rockingham,North Carolina
Wake,North Carolina
Bedford County,Virginia
Henry,Virginia
Pittsylvania,Virginia
Danville,Virginia
Martinsville,Virginia
Campbell,Virginia
Charlotte,Virginia
Halifax,Virginia
Brunswick,North Carolina
Bladen,North Carolina
Sampson,North Carolina
New Hanover,North Carolina
Pender,North Carolina
Onslow,North Carolina
Duplin,North Carolina
Johnston,North Carolina
Wayne,North Carolina
Wilson,North Carolina
Greene,North Carolina
Jones,North Carolina
Lenoir,North Carolina
Pitt,North Carolina
Carteret,North Carolina
Craven,North Carolina
Pamlico,North Carolina
Beaufort,North Carolina
Hyde,North Carolina
Franklin,North Carolina
Nash,North Carolina
Vance,North Carolina
Warren,North Carolina
Edgecombe,North Carolina
Halifax,North Carolina
Northampton,North Carolina
Lunenburg,Virginia
Mecklenburg,Virginia
Amelia,Virginia
Nottoway,Virginia
Prince Edward,Virginia
Brunswick,Virginia
Dinwiddie,Virginia
Greensville,Virginia
Sussex,Virginia
Colonial Heights,Virginia
Emporia,Virginia
Hopewell,Virginia
Petersburg,Virginia
Bertie,North Carolina
Gates,North Carolina
Hertford,North Carolina
Martin,North Carolina
Tyrrell,North Carolina
Washington,North Carolina
Chowan,North Carolina
Perquimans,North Carolina
Camden,North Carolina
Pasquotank,North Carolina
Currituck,North Carolina
Southampton,Virginia
Franklin City,Virginia
Isle of Wight,Virginia
Suffolk,Virginia
Prince George,Virginia
Charles City,Virginia
James City,Virginia
Surry,Virginia
Williamsburg,Virginia
Chesapeake,Virginia
Portsmouth,Virginia
Norfolk,Virginia
Virginia Beach,Virginia
Newport News,Virginia
Hampton,Virginia
Poquoson,Virginia
York,Virginia
Dare,North Carolina
Northampton,Virginia
Breathitt,Kentucky
Lee,Kentucky
Owsley,Kentucky
Wolfe,Kentucky
Bath,Kentucky
Menifee,Kentucky
Powell,Kentucky
Morgan,Kentucky
Floyd,Kentucky
Magoffin,Kentucky
Elliott,Kentucky
Johnson,Kentucky
Lawrence,Kentucky
Fleming,Kentucky
Lewis,Kentucky
Rowan,Kentucky
Mason,Kentucky
Adams,Ohio
Boyd,Kentucky
Carter,Kentucky
Greenup,Kentucky
Lawrence,Ohio
Scioto,Ohio
Pike,Kentucky
Mingo,West Virginia
Martin,Kentucky
Wayne,West Virginia
Lincoln,West Virginia
Logan,West Virginia
McDowell,West Virginia
Wyoming,West Virginia
Raleigh,West Virginia
Boone,West Virginia
Gallia,Ohio
Cabell,West Virginia
Mason,West Virginia
Putnam,West Virginia
Jackson,West Virginia
Kanawha,West Virginia
Roane,West Virginia
Clinton,Ohio
Fairfield,Ohio
Fayette,Ohio
Highland,Ohio
Jackson,Ohio
Pickaway,Ohio
Pike,Ohio
Ross,Ohio
Champaign,Ohio
Clark,Ohio
Delaware,Ohio
Franklin,Ohio
Knox,Ohio
Logan,Ohio
Madison,Ohio
Marion,Ohio
Morrow,Ohio
Union,Ohio
Athens,Ohio
Hocking,Ohio
Meigs,Ohio
Perry,Ohio
Vinton,Ohio
Morgan,Ohio
Noble,Ohio
Washington,Ohio
Wirt,West Virginia
Wood,West Virginia
Coshocton,Ohio
Guernsey,Ohio
Holmes,Ohio
Licking,Ohio
Muskingum,Ohio
Tuscarawas,Ohio
Fayette,West Virginia
Mercer,West Virginia
Summers,West Virginia
Alleghany,Virginia
Craig,Virginia
Covington,Virginia
Greenbrier,West Virginia
Monroe,West Virginia
Braxton,West Virginia
Calhoun,West Virginia
Clay,West Virginia
Gilmer,West Virginia
Nicholas,West Virginia
Lewis,West Virginia
Pocahontas,West Virginia
Upshur,West Virginia
Webster,West Virginia
Bath,Virginia
Botetourt,Virginia
Rockbridge,Virginia
Buena Vista,Virginia
Lexington,Virginia
Amherst,Virginia
Appomattox,Virginia
Lynchburg,Virginia
Augusta,Virginia
Nelson,Virginia
Staunton,Virginia
Waynesboro,Virginia
Highland,Virginia
Pendleton,West Virginia
Randolph,West Virginia
Rockingham,Virginia
Shenandoah,Virginia
Harrisonburg,Virginia
Doddridge,West Virginia
Pleasants,West Virginia
Ritchie,West Virginia
Monroe,Ohio
Tyler,West Virginia
Wetzel,West Virginia
Barbour,West Virginia
Harrison,West Virginia
Marion,West Virginia
Monongalia,West Virginia
Taylor,West Virginia
Belmont,Ohio
Carroll,Ohio
Harrison,Ohio
Jefferson,Ohio
Brooke,West Virginia
Hancock,West Virginia
Marshall,West Virginia
Ohio,West Virginia
Allegheny,Pennsylvania
Greene,Pennsylvania
Washington,Pennsylvania
Preston,West Virginia
Tucker,West Virginia
Grant,West Virginia
Hampshire,West Virginia
Hardy,West Virginia
Allegany,Maryland
Garrett,Maryland
Mineral,West Virginia
Fayette,Pennsylvania
Westmoreland,Pennsylvania
Cambria,Pennsylvania
Somerset,Pennsylvania
Crawford,Ohio
Hancock,Ohio
Hardin,Ohio
Huron,Ohio
Richland,Ohio
Sandusky,Ohio
Seneca,Ohio
Wood,Ohio
Wyandot,Ohio
Lucas,Ohio
Monroe,Michigan
Ottawa,Ohio
Erie,Ohio
Ashland,Ohio
Lorain,Ohio
Medina,Ohio
Stark,Ohio
Summit,Ohio
Wayne,Ohio
Cuyahoga,Ohio
Lake,Ohio
Washtenaw,Michigan
Wayne,Michigan
Genesee,Michigan
Oakland,Michigan
Macomb,Michigan
St. Clair,Michigan
Lapeer,Michigan
Sanilac,Michigan
Tuscola,Michigan
Columbiana,Ohio
Mahoning,Ohio
Portage,Ohio
Trumbull,Ohio
Beaver,Pennsylvania
Butler,Pennsylvania
Lawrence,Pennsylvania
Mercer,Pennsylvania
Ashtabula,Ohio
Geauga,Ohio
Crawford,Pennsylvania
Erie,Pennsylvania
Armstrong,Pennsylvania
Clarion,Pennsylvania
Indiana,Pennsylvania
Jefferson,Pennsylvania
Venango,Pennsylvania
Elk,Pennsylvania
Forest,Pennsylvania
McKean,Pennsylvania
Warren,Pennsylvania
Chautauqua,New York
Cattaraugus,New York
Erie,New York
Niagara,New York
Buckingham,Virginia
Cumberland,Virginia
Albemarle,Virginia
Fluvanna,Virginia
Louisa,Virginia
Charlottesville,Virginia
Goochland,Virginia
Powhatan,Virginia
Chesterfield,Virginia
Richmond City,Virginia
Henrico,Virginia
Hanover,Virginia
Caroline,Virginia
Culpeper,Virginia
Greene,Virginia
Madison,Virginia
Orange,Virginia
Page,Virginia
Rappahannock,Virginia
Warren,Virginia
Spotsylvania,Virginia
Stafford,Virginia
Fredericksburg,Virginia
Fauquier,Virginia
Prince William,Virginia
Manassas,Virginia
Manassas Park,Virginia
Fairfax County,Virginia
Fairfax City,Virginia
New Kent,Virginia
Accomack,Virginia
King William,Virginia
King and Queen,Virginia
Essex,Virginia
Richmond County,Virginia
Westmoreland,Virginia
Gloucester,Virginia
Mathews,Virginia
Middlesex,Virginia
Lancaster,Virginia
Northumberland,Virginia
King George,Virginia
Charles,Maryland
District of Columbia,District of Columbia
Arlington,Virginia
Alexandria,Virginia
Falls Church,Virginia
Prince George's,Maryland
Anne Arundel,Maryland
St. Mary's,Maryland
Calvert,Maryland
Dorchester,Maryland
Talbot,Maryland
Clarke,Virginia
Frederick,Virginia
Winchester,Virginia
Berkeley,West Virginia
Morgan,West Virginia
Loudoun,Virginia
Jefferson,West Virginia
Frederick,Maryland
Washington,Maryland
Bedford,Pennsylvania
Blair,Pennsylvania
Fulton,Pennsylvania
Huntingdon,Pennsylvania
Franklin,Pennsylvania
Juniata,Pennsylvania
Mifflin,Pennsylvania
Perry,Pennsylvania
Howard,Maryland
Montgomery,Maryland
Baltimore City,Maryland
Carroll,Maryland
Baltimore County,Maryland
Queen Anne's,Maryland
Kent,Maryland
Harford,Maryland
Cecil,Maryland
Adams,Pennsylvania
Cumberland,Pennsylvania
York,Pennsylvania
Dauphin,Pennsylvania
Berks,Pennsylvania
Lancaster,Pennsylvania
Lebanon,Pennsylvania
Somerset,Maryland
Worcester,Maryland
Wicomico,Maryland
Caroline,Maryland
Sussex,Delaware
Kent,Delaware
New Castle,Delaware
Salem,New Jersey
Cumberland,New Jersey
Cape May,New Jersey
Gloucester,New Jersey
Atlantic,New Jersey
Chester,Pennsylvania
Delaware,Pennsylvania
Lehigh,Pennsylvania
Montgomery,Pennsylvania
Philadelphia,Pennsylvania
Camden,New Jersey
Burlington,New Jersey
Bucks,Pennsylvania
Hunterdon,New Jersey
Mercer,New Jersey
Ocean,New Jersey
Somerset,New Jersey
Middlesex,New Jersey
Monmouth,New Jersey
Richmond,New York
Clearfield,Pennsylvania
Centre,Pennsylvania
Clinton,Pennsylvania
Cameron,Pennsylvania
Potter,Pennsylvania
Lycoming,Pennsylvania
Montour,Pennsylvania
Northumberland,Pennsylvania
Snyder,Pennsylvania
Union,Pennsylvania
Columbia,Pennsylvania
Luzerne,Pennsylvania
Schuylkill,Pennsylvania
Chemung,New York
Tioga,New York
Bradford,Pennsylvania
Sullivan,Pennsylvania
Tioga,Pennsylvania
Wyoming,Pennsylvania
Allegany,New York
Genesee,New York
Livingston,New York
Ontario,New York
Steuben,New York
Wyoming,New York
Monroe,New York
Orleans,New York
Schuyler,New York
Seneca,New York
Yates,New York
Cayuga,New York
Cortland,New York
Onondaga,New York
Tompkins,New York
Wayne,New York
Oswego,New York
Carbon,Pennsylvania
Lackawanna,Pennsylvania
Monroe,Pennsylvania
Northampton,Pennsylvania
Sussex,New Jersey
Warren,New Jersey
Pike,Pennsylvania
Broome,New York
Delaware,New York
Sullivan,New York
Susquehanna,Pennsylvania
Wayne,Pennsylvania
Morris,New Jersey
Essex,New Jersey
Union,New Jersey
Hudson,New Jersey
New York,New York
Bergen,New Jersey
Passaic,New Jersey
Orange,New York
Rockland,New York
Kings,New York
Queens,New York
Bronx,New York
Nassau,New York
Westchester,New York
Fairfield,Connecticut
Dutchess,New York
Putnam,New York
Ulster,New York
Chenango,New York
Madison,New York
Otsego,New York
Herkimer,New York
Lewis,New York
Oneida,New York
Albany,New York
Columbia,New York
Greene,New York
Montgomery,New York
Rensselaer,New York
Schenectady,New York
Schoharie,New York
Fulton,New York
Hamilton,New York
Saratoga,New York
Washington,New York
Warren,New York
Suffolk,New York
New Haven,Connecticut
Hartford,Connecticut
Litchfield,Connecticut
Middlesex,Connecticut
New London,Connecticut
Tolland,Connecticut
Windham,Connecticut
Hampden,Massachusetts
Washington,Rhode Island
Dukes,Massachusetts
Kent,Rhode Island
Providence,Rhode Island
Newport,Rhode Island
Bristol,Rhode Island
Bristol,Massachusetts
Norfolk,Massachusetts
Plymouth,Massachusetts
Berkshire,Massachusetts
Franklin,Massachusetts
Hampshire,Massachusetts
Cheshire,New Hampshire
Bennington,Vermont
Windham,Vermont
Sullivan,New Hampshire
Rutland,Vermont
Windsor,Vermont
Worcester,Massachusetts
Middlesex,Massachusetts
Hillsborough,New Hampshire
Suffolk,Massachusetts
Rockingham,New Hampshire
Essex,Massachusetts
Belknap,New Hampshire
Merrimack,New Hampshire
Strafford,New Hampshire
Nantucket,Massachusetts
Barnstable,Massachusetts
York,Maine
Arenac,Michigan
Huron,Michigan
Iosco,Michigan
Alcona,Michigan
Alpena,Michigan
Presque Isle,Michigan
Jefferson,New York
St. Lawrence,New York
Clinton,New York
Essex,New York
Franklin,New York
Addison,Vermont
Caledonia,Vermont
Chittenden,Vermont
Franklin,Vermont
Grand Isle,Vermont
Lamoille,Vermont
Orange,Vermont
Orleans,Vermont
Washington,Vermont
Carroll,New Hampshire
Grafton,New Hampshire
Coos,New Hampshire
Essex,Vermont
Cumberland,Maine
Androscoggin,Maine
Oxford,Maine
Sagadahoc,Maine
Lincoln,Maine
Kennebec,Maine
Franklin,Maine
Knox,Maine
Waldo,Maine
Hancock,Maine
Somerset,Maine
Aroostook,Maine
Penobscot,Maine
Piscataquis,Maine
Washington,Maine
Aleutians West,Alaska
